qafiya-3;Qafiya 3;https://fimgs.net/mdimg/perfume-thumbs/dark-375x500.49546.2x.avif;;Unisex;30.00;55.00;90.00;Ajmal;dəri,bənövşə,səndəl,türk-qızılgülü;müşk,ağac-notları;ənbər;;Stokda Var
rose-oud;Rose Oud;https://fimgs.net/mdimg/perfume-thumbs/dark-375x500.22359.2x.avif;;Qadın;25.00;45.00;70.00;Alexandre.J;moruq,limon,alma;qızılgül,ağac-notları,paçuli;müşk,vanil,ənbər;;
guidance-46;Guidance 46;https://fimgs.net/mdimg/perfume-thumbs/dark-375x500.94033.2x.avif;;Unisex;38.00;70.00;110.00;Amouage;armud,acı-badam,çəhrayı-istiot;qızılgül,osmantus;səndəl,vanil,labdanum;;
vanille-leather;Vanille Leather;https://fimgs.net/mdimg/perfume-thumbs/dark-375x500.82783.2x.avif;;Unisex;25.00;45.00;70.00;BDK Parfums;bənövşə, çəhrayı-istiot;tuberoza,portağal-çiçəyi,jasmin;vanil,dəri;;
;;;;;;;;;;;;;
blue-sapphire;Blue Sapphire;https://fimgs.net/mdimg/perfume-thumbs/dark-375x500.18518.2x.avif;;Unisex;25.00;45.00;70.00;Boadicea the Victorious;limon,zəfəran;qızılgül, hind-jasmini-maqnoliya;paçuli, ənbər;;
madison-avenue;Madison Avenue;https://fimgs.net/mdimg/perfume-thumbs/dark-375x500.35956.2x.avif;;Qadın;25.00;45.00;70.00;Bond No.9;böyürtkən,alma,berqamot;Qızılgül,maqnoliya,jasmin;paçuli,ambroksan;;
ilusione;Ilusione;https://fimgs.net/mdimg/perfume-thumbs/dark-375x500.55300.2x.avif;;Qadın;25.00;45.00;70.00;Bottega Veneta;Berqamot,qara-üzüm;portağal-çiçəyi;tonka-lobyası;;
parco-palladiano-v-lauro;Parco Palladiano V: Lauro;https://fimgs.net/mdimg/perfume-thumbs/dark-375x500.38267.2x.avif;;Unisex;25.00;45.00;70.00;Bottega Veneta;nanə,labdanum;rozmarin,ətirşah;vetivera;;
parco-palladiano-iv-azalea;Parco Palladiano IV: Azalea;https://fimgs.net/mdimg/perfume-thumbs/dark-375x500.38266.2x.avif;;Unisex;25.00;45.00;70.00;Bottega Veneta;tanqerin;şaftalı,portağal-çiçəyi;vanil;;
;;;;;;;;;;;;;
my-burberry-black;My Burberry Black;;;Qadın;25.00;45.00;70.00;Burberry;jasmin;şaftalı,qızılgül;ənbər,paçuli;;
my-burberry-blush;My Burberry Blush;;;Qadın;25.00;45.00;70.00;Burberry;nar,limon;yaşıl-alma,ətirşah;jasmin;;
azaran;Azaran;;;Unisex;30.00;55.00;90.00;Bvlgari;Zəfəran,berqamot;yaşıl-çay;Dəri,ağac-notları;;
;;;;;;;;;;;;;
sellier;Sellier;https://fimgs.net/mdimg/perfume-thumbs/dark-375x500.58572.2x.avif;;Unisex;30.00;55.00;90.00;Byredo;yaşıl-çay;dəri;palıd-mamırı;;
;;;;;;;;;;;;;
dolce-vita;Dolce Vita;https://fimgs.net/mdimg/perfume-thumbs/dark-375x500.222.2x.avif;;Qadın;25.00;45.00;70.00;Christian Dior;şaftalı,qreyfrut;Darçın,ərik;Vanil,səndəl,kokos;;
gris-dior;Gris Dior;https://fimgs.net/mdimg/perfume-thumbs/dark-375x500.48387.2x.avif;;Unisex;25.00;45.00;70.00;Christian Dior;palıd-mamırı, qızılgül;paçuli,berqamot;ənbər;;
amazonian-rose;Amazonian Rose;https://fimgs.net/mdimg/perfume-thumbs/dark-375x500.90036.2x.avif;;Unisex;25.00;45.00;70.00;Carolina Herrera;hil, naringi-mandarin;damask-qızılgülü;səndəl;;
bad-boy-dazzling-garden;Bad Boy Dazzling Garden;https://fimgs.net/mdimg/perfume-thumbs/dark-375x500.84050.2x.avif;;Kişi;25.00;45.00;70.00;Carolina Herrera;ağ-istiot, qreyfrut;vetivera;kakao;;
good-girl-dazzling-garden;Good Girl Dazzling Garden;https://fimgs.net/mdimg/perfume-thumbs/dark-375x500.84049.2x.avif;;Qadın;25.00;45.00;70.00;Carolina Herrera;badam;tuberoza;kakao;;
good-girl-blush;Good Girl Blush;https://fimgs.net/mdimg/perfume-thumbs/dark-375x500.78576.2x.avif;;Qadın;25.00;45.00;70.00;Carolina Herrera;acı-badam, berqamot;pion;vanil;;
very-good-girl;Very Good Girl;https://fimgs.net/mdimg/perfume-thumbs/dark-375x500.65560.2x.avif;;Qadın;25.00;45.00;70.00;Carolina Herrera;liçi,qırmızı-üzüm;qızılgül;vanil;;
allure-sensuelle;Allure Sensuelle;https://fimgs.net/mdimg/perfume-thumbs/dark-375x500.606.2x.avif;;Qadın;25.00;45.00;70.00;Chanel;Paçuli,çəhrayı-istiot, şaftalı;türk-qızılgülü, jasmin;paçuli, vanil, lavanda;;
coco-mademoiselle-intense;Coco Mademoiselle Intense;https://fimgs.net/mdimg/perfume-thumbs/dark-375x500.48310.2x.avif;;Qadın;25.00;45.00;70.00;Chanel;portağal, limon;qızılgül, jasmin;paçuli, vanil;;
nomade-nuit-degypte;Nomade Nuit d’Egypte;https://fimgs.net/mdimg/perfume-thumbs/dark-375x500.89372.2x.avif;;Qadın;25.00;45.00;70.00;Chloé;darçın,zəncəfil;portağal-çiçəyi,naz;vanil;;
vanille-malika;Vanille Malika;https://fimgs.net/mdimg/perfume-thumbs/dark-375x500.88152.2x.avif;;Qadın;25.00;45.00;70.00;Chopard;Büxur-ladan,liçi,çəhrayı-istiot;madaqaskar-vanili;kaşmeran,səndəl;;
vetiver-dhaiti-au-the-vert;Vetiver d'Haiti au The Vert;https://fimgs.net/mdimg/perfume-thumbs/dark-375x500.45226.2x.avif;;Unisex;25.00;45.00;70.00;Chopard;yaşıl-çay,ənbər;vetivera,sidr;müşk;;
carmina;Carmina;https://fimgs.net/mdimg/perfume-thumbs/dark-375x500.84206.2x.avif;;Qadın;25.00;45.00;70.00;Creed;Albalı,zəfəran,çəhrayı-istiot;Pion,bənövşə;Müşk,ambroksan;;
centaurus;Centaurus;https://fimgs.net/mdimg/perfume-thumbs/dark-375x500.95601.2x.avif;;Unisex;25.00;45.00;70.00;Creed;Darçın,tütün,hil,çəhrayı-istiot;Səndəl,paçuli,geliotrop,ətirşah,jasmin;Vanil,benzoin,tonka-lobyası,ambroksan;;
dgvib3;DGVIB3;https://fimgs.net/mdimg/perfume-thumbs/dark-375x500.87434.2x.avif;;Unisex;25.00;45.00;70.00;Dolce&Gabbana;lavanda;vanil;ənbər;;
le-parfum-in-white;Le Parfum in White;https://fimgs.net/mdimg/perfume-thumbs/dark-375x500.48058.2x.avif;;Qadın;25.00;45.00;70.00;Elie Saab;Portağal-çiçəyi,berqamot,naringi-mandarin;Jasmin,şaftalı;Ənbər,müşk,paçuli,vanil,benzoin;;
essence-no-2-gardenia;Essence No. 2 Gardenia;https://fimgs.net/mdimg/perfume-thumbs/dark-375x500.25915.2x.avif;;Unisex;25.00;45.00;70.00;Elie Saab;misir-jasmini;səndəl;ağac-notları;;
brisa-cubana-escada;Brisa Cubana Escada;https://fimgs.net/mdimg/perfume-thumbs/dark-375x500.88990.2x.avif;;Qadın;25.00;45.00;70.00;Escada;laym,moxito;nanə;;;
iris-poudre;Iris Poudre;https://fimgs.net/mdimg/perfume-thumbs/dark-375x500.4771.2x.avif;;Qadın;25.00;45.00;70.00;Frederic Malle;;;;;
geranium-pour-monsieur;Geranium Pour Monsieur;https://fimgs.net/mdimg/perfume-thumbs/dark-375x500.5911.2x.avif;;Kişi;30.00;55.00;90.00;Frederic Malle;;;;;
acqua-di-gio-profondo;Acqua Di Gio Profondo;https://fimgs.net/mdimg/perfume-thumbs/dark-375x500.59532.2x.avif;;Kişi;25.00;45.00;70.00;Giorgio Armani;;;;;
blanc-kogane;Blanc Kogane;https://fimgs.net/mdimg/perfume-thumbs/dark-375x500.88629.2x.avif;;Unisex;38.00;70.00;110.00;Giorgio Armani;;;;;
armani-eau-de-nuit;Armani Eau de Nuit;https://fimgs.net/mdimg/perfume-thumbs/dark-375x500.17231.2x.avif;;Kişi;25.00;45.00;70.00;Giorgio Armani;;;;;
my-way-nectar;My Way Nectar;https://fimgs.net/mdimg/perfume-thumbs/dark-375x500.88938.2x.avif;;Qadın;20.00;30.00;50.00;Giorgio Armani;;;;;
noir-kogane;Noir Kogane;https://fimgs.net/mdimg/perfume-thumbs/dark-375x500.88628.2x.avif;;Unisex;30.00;55.00;90.00;Giorgio Armani;;;;;
rose-milano;Rose Milano;https://fimgs.net/mdimg/perfume-thumbs/dark-375x500.58911.2x.avif;;Qadın;25.00;45.00;70.00;Giorgio Armani;;;;;
si-intense;Si Intense;https://fimgs.net/mdimg/perfume-thumbs/dark-375x500.25947.2x.avif;;Qadın;20.00;30.00;50.00;Giorgio Armani;;;;;
cuir-amethyste;Cuir Amethyste;https://fimgs.net/mdimg/perfume-thumbs/dark-375x500.408.2x.avif;;Unisex;30.00;55.00;90.00;Giorgio Armani;;;;;
emporio-armani-stronger-with-you-leather;Emporio Armani Stronger With You Leather;https://fimgs.net/mdimg/perfume-thumbs/dark-375x500.63355.2x.avif;;Kişi;25.00;45.00;70.00;Giorgio Armani;;;;;
emporio-armani-stronger-with-you-sandalwood;Emporio Armani Stronger With You Sandalwood;https://fimgs.net/mdimg/perfume-thumbs/dark-375x500.102519.2x.avif;;Kişi;25.00;45.00;70.00;Giorgio Armani;;;;;
desinvolte;Desinvolte;https://fimgs.net/mdimg/perfume-thumbs/dark-375x500.68973.2x.avif;;Unisex;25.00;45.00;70.00;Givenchy;;;;;
irrestible-very-flower;Irresistible Very Flower;https://fimgs.net/mdimg/perfume-thumbs/dark-375x500.88896.2x.avif;;Qadın;25.00;45.00;70.00;Givenchy;;;;;
linderdit-tubereuse-noire;L'Interdit Tubéreuse Noire;https://fimgs.net/mdimg/perfume-thumbs/dark-375x500.90200.2x.avif;;Qadın;25.00;45.00;70.00;Givenchy;;;;;
pi;Pi;https://fimgs.net/mdimg/perfume-thumbs/dark-375x500.39.2x.avif;;Kişi;20.00;30.00;50.00;Givenchy;;;;;
society-extreme;Society Extreme;https://fimgs.net/mdimg/perfume-thumbs/dark-375x500.89933.2x.avif;;Kişi;25.00;45.00;70.00;Givenchy;;;;;
very-irresistible;Very Irresistible;https://fimgs.net/mdimg/perfume-thumbs/dark-375x500.33.2x.avif;;Qadın;20.00;30.00;50.00;Givenchy;;;;;
fantasque;Fantasque;https://fimgs.net/mdimg/perfume-thumbs/dark-375x500.89991.2x.avif;;Unisex;25.00;45.00;70.00;Givenchy;;;;;
flora-georgous-orchid;Flora Gorgeous Orchid;https://fimgs.net/mdimg/perfume-thumbs/dark-375x500.94979.2x.avif;;Qadın;25.00;45.00;70.00;Gucci;;;;;
cuir-beluga;Cuir Beluga;https://fimgs.net/mdimg/perfume-thumbs/dark-375x500.1019.2x.avif;;Unisex;30.00;55.00;90.00;Guerlain;;;;;
oud-nude;Oud Nude;https://fimgs.net/mdimg/perfume-thumbs/dark-375x500.76304.2x.avif;;Unisex;25.00;45.00;70.00;Guerlain;;;;;
paddock;Paddock;https://fimgs.net/mdimg/perfume-thumbs/dark-375x500.93374.2x.avif;;Unisex;25.00;45.00;70.00;Hermès;;;;;
la-belle-paradise-garden;La Belle Paradise Garden;https://fimgs.net/mdimg/perfume-thumbs/dark-375x500.88873.2x.avif;;Qadın;25.00;45.00;70.00;Jean Paul Gaultier;;;;;
rose-magnolia-cologne;Rose & Magnolia Cologne;https://fimgs.net/mdimg/perfume-thumbs/dark-375x500.57381.2x.avif;;Qadın;25.00;45.00;70.00;Jo Malone;;;;;
silk-blossom-cologne;Silk Blossom Cologne;https://fimgs.net/mdimg/perfume-thumbs/dark-375x500.72616.2x.avif;;Unisex;25.00;45.00;70.00;Jo Malone;;;;;
capri-in-a-bottle-lemon-sugar-14;Capri in a Bottle Lemon Sugar | 14;https://fimgs.net/mdimg/perfume-thumbs/dark-375x500.94204.2x.avif;;Qadın;25.00;45.00;70.00;Kayali;;;;;
musk-12;Musk 12;https://fimgs.net/mdimg/perfume-thumbs/dark-375x500.52615.2x.avif;;Unisex;25.00;45.00;70.00;Kayali;;;;;
born-to-be-unforgettable;Born To Be Unforgettable;https://fimgs.net/mdimg/perfume-thumbs/dark-375x500.89141.2x.avif;;Unisex;25.00;45.00;70.00;Kilian;;;;;
incense-oud;Incense Oud;https://fimgs.net/mdimg/perfume-thumbs/dark-375x500.11090.2x.avif;;Unisex;25.00;45.00;70.00;Kilian;;;;;
lheure-verte;L'Heure Verte;https://fimgs.net/mdimg/perfume-thumbs/dark-375x500.68324.2x.avif;;Unisex;25.00;45.00;70.00;Kilian;;;;;
love-by-kilian-amber-and-oud-special-blend-2023;Love by Kilian Amber and Oud Special Blend 2023;https://fimgs.net/mdimg/perfume-thumbs/dark-375x500.79647.2x.avif;;Unisex;25.00;45.00;70.00;Kilian;;;;;
smoking-hot;Smoking Hot;https://fimgs.net/mdimg/perfume-thumbs/dark-375x500.84413.2x.avif;;Unisex;25.00;45.00;70.00;Kilian;;;;;
angels-share-paradis;Angels' Share Paradis;https://fimgs.net/mdimg/perfume-thumbs/dark-375x500.101629.2x.avif;;Unisex;30.00;55.00;90.00;Kilian;;;;;
la-vie-est-belle-iris-absolu;La Vie Est Belle Iris Absolu;https://fimgs.net/mdimg/perfume-thumbs/dark-375x500.79245.2x.avif;;Qadın;25.00;45.00;70.00;Lancôme;;;;;
rumeur-2-rose;Rumeur 2 Rose;https://fimgs.net/mdimg/perfume-thumbs/dark-375x500.2271.2x.avif;;Qadın;20.00;30.00;50.00;Lanvin;;;;;
pur-santal;Pur Santal;https://fimgs.net/mdimg/perfume-thumbs/dark-375x500.90205.2x.avif;;Unisex;38.00;70.00;110.00;Louis Vuitton;;;;;
spell-on-you;Spell On You;https://fimgs.net/mdimg/perfume-thumbs/dark-375x500.68960.2x.avif;;Qadın;38.00;70.00;110.00;Louis Vuitton;;;;;
coeur-battant;Coeur Battant;https://fimgs.net/mdimg/perfume-thumbs/dark-375x500.57129.2x.avif;;Qadın;38.00;70.00;110.00;Louis Vuitton;;;;;
hibiscus-mahajad;Hibiscus Mahajád;https://fimgs.net/mdimg/perfume-thumbs/dark-375x500.69069.2x.avif;;Unisex;30.00;55.00;90.00;Maison Crivelli;;;;;
amberful;Amberful;https://fimgs.net/mdimg/perfume-thumbs/dark-375x500.93337.2x.avif;;Unisex;30.00;55.00;90.00;Mancera;;;;;
coco-vanille;Coco Vanille;https://fimgs.net/mdimg/perfume-thumbs/dark-375x500.42782.2x.avif;;Qadın;30.00;55.00;90.00;Mancera;;;;;
french-riviera;French Riviera;https://fimgs.net/mdimg/perfume-thumbs/dark-375x500.74636.2x.avif;;Unisex;30.00;55.00;90.00;Mancera;;;;;
tonka-cola;Tonka Cola;https://fimgs.net/mdimg/perfume-thumbs/dark-375x500.76893.2x.avif;;Unisex;30.00;55.00;90.00;Mancera;;;;;
ganymede-extrait;Ganymede Extrait;https://fimgs.net/mdimg/perfume-thumbs/dark-375x500.79632.2x.avif;;Unisex;38.00;70.00;110.00;Marc - Antoıne Barroıs;;;;;
daisy-love;Daisy Love;https://fimgs.net/mdimg/perfume-thumbs/dark-375x500.49108.2x.avif;;Qadın;20.00;30.00;50.00;Marc Jacobs;;;;;
argentina;Argentina;https://fimgs.net/mdimg/perfume-thumbs/dark-375x500.65610.2x.avif;;Unisex;30.00;55.00;90.00;Memo;;;;;
vanille-absolu;Vanille Absolu;https://fimgs.net/mdimg/perfume-thumbs/dark-375x500.4064.2x.avif;;Qadın;25.00;45.00;70.00;Montale;;;;;
wild-aoud;Wild Aoud;https://fimgs.net/mdimg/perfume-thumbs/dark-375x500.6647.2x.avif;;Unisex;25.00;45.00;70.00;Montale;;;;;
extreme-leather;Extreme Leather;https://fimgs.net/mdimg/perfume-thumbs/dark-375x500.92398.2x.avif;;Kişi;25.00;45.00;70.00;Montblanc;;;;;
patchouli-ink;Patchouli Ink;https://fimgs.net/mdimg/perfume-thumbs/dark-375x500.92399.2x.avif;;Kişi;25.00;45.00;70.00;Montblanc;;;;;
tonkatonic;Tonkatonic;https://fimgs.net/mdimg/perfume-thumbs/dark-375x500.90868.2x.avif;;Unisex;25.00;45.00;70.00;Morph;;;;;
narciso=eau-neroli-ambree;Narciso Eau Néroli Ambrée;https://fimgs.net/mdimg/perfume-thumbs/dark-375x500.66351.2x.avif;;Qadın;25.00;45.00;70.00;Narcıso Rodrıguez;;;;;
for-her-musk-nude;For Her Musk Nude;https://fimgs.net/mdimg/perfume-thumbs/dark-375x500.88936.2x.avif;;Qadın;25.00;45.00;70.00;Narcıso Rodrıguez;;;;;
favonius;Favonius;https://fimgs.net/mdimg/perfume-thumbs/dark-375x500.70388.2x.avif;;Unisex;30.00;55.00;90.00;Nishane;;;;;
hundred-silent-ways;Hundred Silent Ways;https://fimgs.net/mdimg/perfume-thumbs/dark-375x500.37602.2x.avif;;Unisex;30.00;55.00;90.00;Nishane;;;;;
golde-prince;Golde Prince;https://fimgs.net/mdimg/perfume-thumbs/dark-375x500.44464.2x.avif;;Kişi;30.00;55.00;90.00;Orlov Paris;;;;;
star-of-the-seasons;Star Of The Seasons;https://fimgs.net/mdimg/perfume-thumbs/dark-375x500.30273.2x.avif;;Unisex;30.00;55.00;90.00;Orlov Paris;;;;;
ambre-royal;Ambre Royal;https://fimgs.net/mdimg/perfume-thumbs/dark-375x500.42026.2x.avif;;Unisex;25.00;45.00;70.00;Ormonde Jayne;;;;;
invictus-victory-elixir;Invictus Victory Elixir;https://fimgs.net/mdimg/perfume-thumbs/dark-375x500.78575.2x.avif;;Kişi;25.00;45.00;70.00;Paco Rabanne;;;;;
midnight-sex-rabanne;Midnight Sex Rabanne;https://fimgs.net/mdimg/perfume-thumbs/dark-375x500.95694.2x.avif;;Qadın;25.00;45.00;70.00;Paco Rabanne;;;;;
olympea-solar;Olympéa Solar;https://fimgs.net/mdimg/perfume-thumbs/dark-375x500.72556.2x.avif;;Qadın;25.00;45.00;70.00;Paco Rabanne;;;;;
strong-me;Strong Me;https://fimgs.net/mdimg/perfume-thumbs/dark-375x500.55189.2x.avif;;Kişi;25.00;45.00;70.00;Paco Rabanne;;;;;
darley;Darley;https://fimgs.net/mdimg/perfume-thumbs/dark-375x500.11768.2x.avif;;Kişi;30.00;55.00;90.00;Parfums de Marly;;;;;
perseus;Perseus;https://fimgs.net/mdimg/perfume-thumbs/dark-375x500.90199.2x.avif;;Kişi;30.00;55.00;90.00;Parfums de Marly;;;;;
percival;Percival;https://fimgs.net/mdimg/perfume-thumbs/dark-375x500.51037.2x.avif;;Kişi;30.00;55.00;90.00;Parfums de Marly;;;;;
sedbury;Sedbury;https://fimgs.net/mdimg/perfume-thumbs/dark-375x500.30819.2x.avif;;Qadın;30.00;55.00;90.00;Parfums de Marly;;;;;
shagya;Shagya;https://fimgs.net/mdimg/perfume-thumbs/dark-375x500.11767.2x.avif;;Kişi;30.00;55.00;90.00;Parfums de Marly;;;;;
cassili;Cassili;https://fimgs.net/mdimg/perfume-thumbs/dark-375x500.54660.2x.avif;;Qadın;30.00;55.00;90.00;Parfums de Marly;;;;;
galloway;Galloway;https://fimgs.net/mdimg/perfume-thumbs/dark-375x500.23271.2x.avif;;Kişi;30.00;55.00;90.00;Parfums de Marly;;;;;
the-dandy;The Dandy;https://fimgs.net/mdimg/perfume-thumbs/dark-375x500.95396.2x.avif;;Kişi;30.00;55.00;90.00;Penhaligon’s;;;;;
brittania;Brittania;https://fimgs.net/mdimg/perfume-thumbs/dark-375x500.38675.2x.avif;;Unisex;25.00;45.00;70.00;Roja;;;;;
oceania;Oceania;https://fimgs.net/mdimg/perfume-thumbs/dark-375x500.57385.2x.avif;;Unisex;25.00;45.00;70.00;Roja;;;;;
no-7-patchouli-oud-vanilla;Nº 7 Patchouli, Oud, Vanilla;https://fimgs.net/mdimg/perfume-thumbs/dark-375x500.70200.2x.avif;;Unisex;38.00;70.00;110.00;Rosendo Mateu;;;;;
attimo;Attimo;https://fimgs.net/mdimg/perfume-thumbs/dark-375x500.9120.2x.avif;;Qadın;20.00;30.00;50.00;Salvatore Ferragamo;;;;;
vibrato;Vibrato;https://fimgs.net/mdimg/perfume-thumbs/dark-375x500.75930.2x.avif;;Unisex;30.00;55.00;90.00;Sospiro;;;;;
gold-rose-oudh;Gold Rose Oudh;https://fimgs.net/mdimg/perfume-thumbs/dark-375x500.16522.2x.avif;;Unisex;25.00;45.00;70.00;Tiziana Terenzi;;;;;
tyrenum;Tyrenum;https://fimgs.net/mdimg/perfume-thumbs/dark-375x500.74548.2x.avif;;Unisex;25.00;45.00;70.00;Tiziana Terenzi;;;;;
bigia;Bigia;https://fimgs.net/mdimg/perfume-thumbs/dark-375x500.40441.2x.avif;;Unisex;25.00;45.00;70.00;Tiziana Terenzi;;;;;
gray-vetiver;Gray Vetiver;https://fimgs.net/mdimg/perfume-thumbs/dark-375x500.6697.2x.avif;;Kişi;25.00;45.00;70.00;Tom Ford;;;;;
soleil-blanc;Soleil Blanc;https://fimgs.net/mdimg/perfume-thumbs/dark-375x500.34893.2x.avif;;Unisex;25.00;45.00;70.00;Tom Ford;;;;;
tubereuse-nue;Tubereuse Nue;https://fimgs.net/mdimg/perfume-thumbs/dark-375x500.64698.2x.avif;;Unisex;25.00;45.00;70.00;Tom Ford;;;;;
trussardi-sound-of-donna;Trussardi Sound of Donna;https://fimgs.net/mdimg/perfume-thumbs/dark-375x500.50468.2x.avif;;Qadın;20.00;30.00;50.00;Trussardi;;;;;
bare-rose;Bare Rose;https://fimgs.net/mdimg/perfume-thumbs/dark-375x500.83716.2x.avif;;Qadın;20.00;30.00;50.00;Victoria's Secret;;;;;
bare-vanilla;Bare Vanilla;https://fimgs.net/mdimg/perfume-thumbs/dark-375x500.56836.2x.avif;;Qadın;20.00;30.00;50.00;Victoria's Secret;;;;;
bombshell-beach;Bombshell Beach;https://fimgs.net/mdimg/perfume-thumbs/dark-375x500.66513.2x.avif;;Qadın;25.00;45.00;70.00;Victoria's Secret;;;;;
bombshell-glamour;Bombshell Glamour;https://fimgs.net/mdimg/perfume-thumbs/dark-375x500.87707.2x.avif;;Qadın;25.00;45.00;70.00;Victoria's Secret;;;;;
bombshell-wild-flower;Bombshell Wildflower;https://fimgs.net/mdimg/perfume-thumbs/dark-375x500.53337.2x.avif;;Qadın;25.00;45.00;70.00;Victoria's Secret;;;;;
lavender-vanilla-relax;Lavender & Vanilla Relax;https://fimgs.net/mdimg/perfume-thumbs/dark-375x500.70974.2x.avif;;Qadın;25.00;45.00;70.00;Victoria's Secret;;;;;
love-is-heavenly;Love is Heavenly;https://fimgs.net/mdimg/perfume-thumbs/dark-375x500.14931.2x.avif;;Qadın;20.00;30.00;50.00;Victoria's Secret;;;;;
very-sexy;Very Sexy;https://fimgs.net/mdimg/perfume-thumbs/dark-375x500.51520.2x.avif;;Qadın;20.00;30.00;50.00;Victoria's Secret;;;;;
xo;Xo;https://fimgs.net/mdimg/perfume-thumbs/dark-375x500.35869.2x.avif;;Qadın;20.00;30.00;50.00;Victoria's Secret;;;;;
tease;Tease;https://fimgs.net/mdimg/perfume-thumbs/dark-375x500.47870.2x.avif;;Qadın;20.00;30.00;50.00;Victoria's Secret;;;;;
donna-born-in-rome-intense;Donna Born in Rome Intense;https://fimgs.net/mdimg/perfume-thumbs/dark-375x500.78739.2x.avif;;Qadın;25.00;45.00;70.00;Valentino;;;;;
yellow-diamond;Yellow Diamond;https://fimgs.net/mdimg/perfume-thumbs/dark-375x500.13064.2x.avif;;Qadın;20.00;30.00;50.00;Versace;;;;;
bengal;Bengal;https://fimgs.net/mdimg/perfume-thumbs/dark-375x500.80553.2x.avif;;Unisex;30.00;55.00;90.00;Vertus;;;;;
flowerbomb-tiger-lily;Flowerbomb Tiger Lily;https://fimgs.net/mdimg/perfume-thumbs/dark-375x500.88986.2x.avif;;Qadın;25.00;45.00;70.00;Viktor&Rolf;;;;;
dama-bianca;Dama Bianca;https://fimgs.net/mdimg/perfume-thumbs/dark-375x500.15555.2x.avif;;Qadın;30.00;55.00;90.00;Xerjoff;;;;;
bouqet-ideale;Bouqet Ideale;https://fimgs.net/mdimg/perfume-thumbs/dark-375x500.11800.2x.avif;;Qadın;30.00;55.00;90.00;Xerjoff;;;;;
fiore-dulivo;Fiore d'Ulivo;https://fimgs.net/mdimg/perfume-thumbs/dark-375x500.6311.2x.avif;;Qadın;25.00;45.00;70.00;Xerjoff;;;;;
jtc-400;JTC 400;https://fimgs.net/mdimg/perfume-thumbs/dark-375x500.52181.2x.avif;;Unisex;25.00;45.00;70.00;Xerjoff;;;;;
torino23;Torino23;https://fimgs.net/mdimg/perfume-thumbs/dark-375x500.87970.2x.avif;;Unisex;25.00;45.00;70.00;Xerjoff;;;;;
jumpsuit;Jumpsuit;https://fimgs.net/mdimg/perfume-thumbs/dark-375x500.60082.2x.avif;;Unisex;25.00;45.00;70.00;YSL;;;;;
libre-flowers-flame;Libre Flowers & Flames;https://fimgs.net/mdimg/perfume-thumbs/dark-375x500.95623.2x.avif;;Qadın;25.00;45.00;70.00;YSL;;;;;
noble-leather;Noble Leather;https://fimgs.net/mdimg/perfume-thumbs/dark-375x500.18371.2x.avif;;Unisex;25.00;45.00;70.00;YSL;;;;;
y-elixir;Y Elixir;https://fimgs.net/mdimg/perfume-thumbs/dark-375x500.90024.2x.avif;;Kişi;25.00;45.00;70.00;YSL;;;;;
y-le-parfum;Y Le Parfum;https://fimgs.net/mdimg/perfume-thumbs/dark-375x500.64718.2x.avif;;Kişi;25.00;45.00;70.00;YSL;;;;;
caban;Caban;https://fimgs.net/mdimg/perfume-thumbs/dark-375x500.32267.2x.avif;;Unisex;25.00;45.00;70.00;YSL;;;;;
hypnotic-vanilla;Hypnotic Vanilla;https://fimgs.net/mdimg/perfume-thumbs/dark-375x500.85038.2x.avif;;Unisex;15.00;30.00;50.00;Zara;;;;;
starlight-vanilla;Starlight Vanilla;https://fimgs.net/mdimg/perfume-thumbs/dark-375x500.85040.2x.avif;;Unisex;15.00;30.00;50.00;Zara;;;;;
supreme-vanilla;Supreme Vanilla;https://fimgs.net/mdimg/perfume-thumbs/dark-375x500.85039.2x.avif;;Unisex;15.00;30.00;50.00;Zara;;;;;
the-muse;The Muse;https://fimgs.net/mdimg/perfume-thumbs/dark-375x500.60665.2x.avif;;Qadın;25.00;45.00;70.00;Zarkoperfume;;;;;
vetiver-lemon-bergamot;Vetiver & Lemon, Bergamot;https://fimgs.net/mdimg/perfume-thumbs/dark-375x500.65055.2x.avif;;Unisex;25.00;45.00;70.00;Zielinski & Rozen;;;;;
vanilla-blend;Vanilla Blend;https://fimgs.net/mdimg/perfume-thumbs/dark-375x500.65069.2x.avif;;Unisex;25.00;45.00;70.00;Zielinski & Rozen;;;;;
oakmoss-amber;Oakmoss & Amber;https://fimgs.net/mdimg/perfume-thumbs/dark-375x500.65057.2x.avif;;Unisex;25.00;45.00;70.00;Zielinski & Rozen;;;;;
take-me-to-the-moon;Take Me To The Moon;https://fimgs.net/mdimg/perfume-thumbs/dark-375x500.32602.2x.avif;;Qadın;20.00;30.00;50.00;Korloff;;;;;
sadonaso;Sadonaso;https://fimgs.net/mdimg/perfume-thumbs/dark-375x500.80076.2x.avif;;Unisex;38.00;70.00;110.00;Nasomatto;;;;;
marrakesh-in-a-bottle-orange-blossom-24;Marrakesh in a Bottle Orange Blossom | 24;https://fimgs.net/mdimg/perfume-thumbs/dark-375x500.94203.2x.avif;;Qadın;25.00;45.00;70.00;Kayali;;;;;
bottled-oud-saffron;Bottled Oud Saffron;https://fimgs.net/mdimg/perfume-thumbs/dark-375x500.53338.2x.avif;;Kişi;20.00;30.00;50.00;Hugo Boss;;;;;
aqua-allegoria-rosa-rossa;Aqua Allegoria Rosa Rossa;https://fimgs.net/mdimg/perfume-thumbs/dark-375x500.48710.2x.avif;;Qadın;25.00;45.00;70.00;Guerlain;;;;;
myriad;Myriad;https://fimgs.net/mdimg/perfume-thumbs/dark-375x500.85363.2x.avif;;Unisex;38.00;70.00;110.00;Louis Vuitton;;;;;
le-jour-se-leve;Le Jour se Lève;https://fimgs.net/mdimg/perfume-thumbs/dark-375x500.48305.2x.avif;;Qadın;38.00;70.00;110.00;Louis Vuitton;;;;;
sur-la-route;Sur la Route;https://fimgs.net/mdimg/perfume-thumbs/dark-375x500.49754.2x.avif;;Kişi;38.00;70.00;110.00;Louis Vuitton;;;;;
dancing-blossom;Dancing Blossom;https://fimgs.net/mdimg/perfume-thumbs/dark-375x500.68358.2x.avif;;Unisex;38.00;70.00;110.00;Louis Vuitton;;;;;
fantasia;Fantasia;https://fimgs.net/mdimg/perfume-thumbs/dark-375x500.45394.2x.avif;;Qadın;20.00;30.00;50.00;Anna Suı;;;;;
warm-coconut-sugar;Warm Coconut Sugar;https://fimgs.net/mdimg/perfume-thumbs/dark-375x500.38834.2x.avif;;Qadın;20.00;30.00;50.00;Victoria's Secret;;;;;
liquid-love;Liquid Love;https://fimgs.net/mdimg/perfume-thumbs/dark-375x500.84259.2x.avif;;Unisex;30.00;55.00;90.00;Penhaligon’s;;;;;
santal-austral;Santal Austral;https://fimgs.net/mdimg/perfume-thumbs/dark-375x500.59061.2x.avif;;Unisex;38.00;70.00;110.00;Matiere Premiere;;;;;
pisces;Pisces;https://fimgs.net/mdimg/perfume-thumbs/dark-375x500.94059.2x.avif;;Unisex;30.00;55.00;90.00;Tiziana Terenzi;;;;;
emporio-armani-stronger-with-you-only;Emporio Armani Stronger With You Only;https://fimgs.net/mdimg/perfume-thumbs/dark-375x500.71505.2x.avif;;Kişi;25.00;45.00;70.00;Giorgio Armani;;;;;
hope;Hope;https://fimgs.net/mdimg/perfume-thumbs/dark-375x500.95624.2x.avif;;Unisex;25.00;45.00;70.00;Frederic Malle;;;;;
bois-imperial-extrait;Bois Imperial Extrait;https://fimgs.net/mdimg/perfume-thumbs/dark-375x500.97259.2x.avif;;Unisex;38.00;70.00;110.00;Essential Parfums;;;;;
orange-x-santal;Orange X Santal;https://fimgs.net/mdimg/perfume-thumbs/dark-375x500.50786.2x.avif;;Unisex;25.00;45.00;70.00;Essential Parfums;;;;;
nice-bergamote;Nice Bergamote;https://fimgs.net/mdimg/perfume-thumbs/dark-375x500.50789.2x.avif;;Unisex;30.00;55.00;90.00;Essential Parfums;;;;;
newcleus;Newcleus;https://fimgs.net/mdimg/perfume-thumbs/dark-375x500.95929.2x.avif;;Unisex;25.00;45.00;70.00;Xerjoff;;;;;
eladaria;Eladaria;https://fimgs.net/mdimg/perfume-thumbs/dark-375x500.103066.2x.avif;;Qadın;30.00;70.00;90.00;Creed;;;;;
eucalyptus-20;Eucalyptus 20;https://fimgs.net/mdimg/perfume-thumbs/dark-375x500.101776.2x.avif;;Unisex;25.00;45.00;70.00;Le Labo;;;;;
erotika-minimale;Erotika Minimale;https://fimgs.net/mdimg/perfume-thumbs/dark-375x500.87364.2x.avif;;Unisex;30.00;55.00;90.00;New Notes;;;;;
bois-talisman;Bois Talisman;https://fimgs.net/mdimg/perfume-thumbs/dark-375x500.100813.2x.avif;;Unisex;25.00;45.00;70.00;Christian Dior;;;;;
dolce-melodia;Dolce Melodia;https://fimgs.net/mdimg/perfume-thumbs/dark-375x500.81490.2x.avif;;Unisex;25.00;45.00;70.00;Sospiro;;;;;
whiplash;Whiplash;https://fimgs.net/mdimg/perfume-thumbs/dark-375x500.95912.2x.avif;;Unisex;25.00;45.00;70.00;Ex Nihilo;;;;;
eclair;Eclair;https://fimgs.net/mdimg/perfume-thumbs/dark-375x500.93628.2x.avif;;Qadın;20.00;30.00;50.00;Lattafa;;;;;
eau-de-audacity;Eau de Audacity;https://fimgs.net/mdimg/perfume-thumbs/dark-375x500.84258.2x.avif;;Unisex;30.00;55.00;90.00;Penhaligon’s;;;;;
dolce-blue-jasmine;Dolce Blue Jasmine;https://fimgs.net/mdimg/perfume-thumbs/dark-375x500.90660.2x.avif;;Qadın;20.00;30.00;50.00;Dolce&Gabbana;;;;;
a-balm-of-calm;A Balm Of Calm;https://fimgs.net/mdimg/perfume-thumbs/dark-375x500.84257.2x.avif;;Unisex;30.00;55.00;90.00;Penhaligon’s;;;;;
maui-in-a-bottle-sweet-banana-37;Maui in a Bottle Sweet Banana | 37;https://fimgs.net/mdimg/perfume-thumbs/dark-375x500.94205.2x.avif;;Qadın;25.00;45.00;70.00;Kayali;;;;;
maldives-in-a-bottle-ylang-coco-20;Maldives in a Bottle Ylang Coco | 20;https://fimgs.net/mdimg/perfume-thumbs/dark-375x500.94206.2x.avif;;Qadın;25.00;45.00;70.00;Kayali;;;;;
bronze;Bronze;https://fimgs.net/mdimg/perfume-thumbs/dark-375x500.96733.2x.avif;;Unisex;30.00;55.00;90.00;Pierre Balmain;;;;;
barenia;Barenia;https://fimgs.net/mdimg/perfume-thumbs/dark-375x500.96428.2x.avif;;Qadın;25.00;45.00;70.00;Hermès;;;;;
yara-candy;Yara Candy;https://fimgs.net/mdimg/perfume-thumbs/dark-375x500.95752.2x.avif;;Qadın;20.00;30.00;50.00;Lattafa;;;;;
narciso-radiante;Narciso Radiante;https://fimgs.net/mdimg/perfume-thumbs/dark-375x500.102879.2x.avif;;Qadın;25.00;45.00;70.00;Narcıso Rodrıguez;;;;;
pink-cucumber;Pink Cucumber;https://fimgs.net/mdimg/perfume-thumbs/dark-375x500.89197.2x.avif;;Qadın;20.00;30.00;50.00;Victoria's Secret;;;;;
ilba;Ilba;https://fimgs.net/mdimg/perfume-thumbs/dark-375x500.105882.2x.avif;;Unisex;30.00;55.00;90.00;Tiziana Terenzi;;;;;
ii-padrino;II Padrino;https://fimgs.net/mdimg/perfume-thumbs/dark-375x500.103313.2x.avif;;Qadın;30.00;55.00;90.00;Sospiro;;;;;
burberry-her-elixir;Burberry Her Elixir;https://fimgs.net/mdimg/perfume-thumbs/dark-375x500.75968.2x.avif;;Qadın;25.00;45.00;70.00;Burberry;;;;;
la-bomba;La Bomba;https://fimgs.net/mdimg/perfume-thumbs/dark-375x500.105931.2x.avif;;Qadın;25.00;45.00;70.00;Carolina Herrera;;;;;
impadia;Impadia;https://fimgs.net/mdimg/perfume-thumbs/dark-375x500.104764.2x.avif;;Unisex;30.00;55.00;90.00;BDK Parfums;;;;;
generations;Generation(s);https://fimgs.net/mdimg/perfume-thumbs/dark-375x500.106031.2x.avif;;Unisex;25.00;45.00;70.00;Ex Nihilo;;;;;
my-way-ylang;My Way Ylang;https://fimgs.net/mdimg/perfume-thumbs/dark-375x500.100877.2x.avif;;Qadın;25.00;45.00;70.00;Giorgio Armani;;;;;
stallion-leather;Stallion Leather;https://fimgs.net/mdimg/perfume-thumbs/dark-375x500.79237.2x.avif;;Unisex;25.00;45.00;70.00;Carolina Herrera;;;;;
kurky;Kurky;https://fimgs.net/mdimg/perfume-thumbs/dark-375x500.103517.2x.avif;;Unisex;30.00;55.00;90.00;MFK;;;;;
terre-dhermes-intense;Terre D’Hermes Intense;https://fimgs.net/mdimg/perfume-thumbs/dark-375x500.102772.2x.avif;;Kişi;20.00;30.00;50.00;Hermès;;;;;
cherry-gelato;Cherry Gelato;https://fimgs.net/mdimg/perfume-thumbs/dark-375x500.102715.2x.avif;;Qadın;20.00;30.00;50.00;Zara;;;;;
elixir-love;Elixir Love;https://fimgs.net/mdimg/perfume-thumbs/dark-375x500.96451.2x.avif;;Qadın;20.00;30.00;50.00;Elie Saab;;;;;
district-of-nolo;District of Nolo;https://fimgs.net/mdimg/perfume-thumbs/dark-375x500.80039.2x.avif;;Unisex;20.00;30.00;50.00;Trussardi;;;;;
for-her-intense;For Her Intense;https://fimgs.net/mdimg/perfume-thumbs/dark-375x500.101595.2x.avif;;Qadın;20.00;30.00;50.00;Narcıso Rodrıguez;;;;;
boss-bottled-elixir;Boss Bottled Elixir;https://fimgs.net/mdimg/perfume-thumbs/dark-375x500.84074.2x.avif;;Kişi;25.00;45.00;70.00;Hugo Boss;;;;;
blonde-amber;Blonde Amber;https://fimgs.net/mdimg/perfume-thumbs/dark-375x500.73595.2x.avif;;Unisex;30.00;55.00;90.00;Clive Christian;;;;;
yum-boujee-marshmallow-81;Yum Boujee Marshmallow | 81;https://fimgs.net/mdimg/perfume-thumbs/dark-375x500.99254.2x.avif;;Qadın;25.00;45.00;70.00;Kayali;;;;;
bois-pasifique;Bois Pasifique;https://fimgs.net/mdimg/perfume-thumbs/dark-375x500.100411.2x.avif;;Kişi;30.00;55.00;90.00;Tom Ford;;;;;
gentleman-society-ambree;Gentleman Society Ambree;https://fimgs.net/mdimg/perfume-thumbs/dark-375x500.101102.2x.avif;;Kişi;25.00;45.00;70.00;Givenchy;;;;;
very-sexy-sea;Very Sexy Sea;https://fimgs.net/mdimg/perfume-thumbs/dark-375x500.59912.2x.avif;;Qadın;20.00;30.00;50.00;Victoria's Secret;;;;;
eternity-amber-essence;Eternity Amber Essence;https://fimgs.net/mdimg/perfume-thumbs/dark-375x500.100794.2x.avif;;Kişi;20.00;30.00;50.00;Calvin Klein;;;;;
kirke-overdose;Kirke Overdose;https://fimgs.net/mdimg/perfume-thumbs/dark-375x500.103499.2x.avif;;Unisex;30.00;55.00;90.00;Tiziana Terenzi;;;;;
this-is-not-testosterone;This is Not Testosterone;https://fimgs.net/mdimg/perfume-thumbs/dark-375x500.105751.2x.avif;;Unisex;30.00;55.00;90.00;Hormone Paris;;;;;
safran-musc;Safran Musc;https://fimgs.net/mdimg/perfume-thumbs/dark-375x500.101594.2x.avif;;Unisex;20.00;30.00;50.00;Narcıso Rodrıguez;;;;;
power-self;Power Self;https://fimgs.net/mdimg/perfume-thumbs/dark-375x500.103778.2x.avif;;Unisex;30.00;55.00;90.00;Initio;;;;;
purpose-50;Purpose 50;https://fimgs.net/mdimg/perfume-thumbs/dark-375x500.100897.2x.avif;;Unisex;25.00;45.00;70.00;Amouage;;;;;
fiamma;Fiamma;https://fimgs.net/mdimg/perfume-thumbs/dark-375x500.104327.2x.avif;;Qadın;20.00;30.00;50.00;Salvatore Ferragamo;;;;;
libre-vanille-couture;Libre Vanille Couture;https://fimgs.net/mdimg/perfume-thumbs/dark-375x500.113623.2x.avif;;Qadın;25.00;45.00;70.00;YSL;;;;;
lost-in-paris;Lost in Paris;https://fimgs.net/mdimg/perfume-thumbs/dark-375x500.97481.2x.avif;;Unisex;25.00;45.00;70.00;Roja;;;;;
the-cut;The Cut;https://fimgs.net/mdimg/perfume-thumbs/dark-375x500.111758.2x.avif;;Kişi;30.00;55.00;90.00;Penhaligon’s;;;;;
oud-zarian;Oud Zarian;https://fimgs.net/mdimg/perfume-thumbs/dark-375x500.111224.2x.avif;;Unisex;30.00;55.00;90.00;Creed;;;;;
raspberry-ripple;Raspberry Ripple;https://fimgs.net/mdimg/perfume-thumbs/dark-375x500.108293.2x.avif;;Unisex;25.00;45.00;70.00;Jo Malone;;;;;
rouge-trafalgar-esprit-de-parfum;Rouge Trafalgar Esprit de Parfum;https://fimgs.net/mdimg/perfume-thumbs/dark-375x500.95983.2x.avif;;Unisex;30.00;55.00;90.00;Christian Dior;;;;;
emporio-armani-stronger-with-you-parfum;Emporio Armani Stronger With You Parfum;https://fimgs.net/mdimg/perfume-thumbs/dark-375x500.100895.2x.avif;;Kişi;25.00;45.00;70.00;Giorgio Armani;;;;;
bleu-de-chanel-lexclusif;Bleu de Chanel L’Exclusif;https://fimgs.net/mdimg/perfume-thumbs/dark-375x500.113429.2x.avif;;Kişi;38.00;70.00;110.00;Chanel;;;;;
eros-najim;Eros Najim;https://fimgs.net/mdimg/perfume-thumbs/dark-375x500.99116.2x.avif;;Kişi;25.00;45.00;70.00;Versace;;;;;
gate-17;Gate 17;https://fimgs.net/mdimg/perfume-thumbs/dark-375x500.98061.2x.avif;;Kişi;20.00;30.00;50.00;Morph;;;;;
homme-anniversary;Homme Anniversary;https://fimgs.net/mdimg/perfume-thumbs/dark-375x500.94591.2x.avif;;Unisex;25.00;45.00;70.00;Xerjoff;;;;;
valaya-exclusif;Valaya Exclusif;https://fimgs.net/mdimg/perfume-thumbs/dark-375x500.102806.2x.avif;;Qadın;30.00;55.00;90.00;Parfums de Marly;;;;;
